subject_id	subject_label	predicate_id	object_id	object_label	mapping_justification	subject_source_version	object_source_version	mapping_tool	mapping_tool_id	mapping_tool_version	mapping_date	confidence
icd10:A07.3	Isosporiasis	skos:exactMatch	mesh:D021865	Isosporiasis	semapv:LexicalMatching	2019	2025	https://github.com/gyorilab/mapnet/blob/main/scripts/generate_leonmap_mesh_icd10_mapping.py	leonmap	0.1.0	2026-07-31	1.0
icd10:B35.3	Tinea pedis	skos:exactMatch	mesh:D014008	Tinea Pedis	semapv:LexicalMatching	2019	2025	https://github.com/gyorilab/mapnet/blob/main/scripts/generate_leonmap_mesh_icd10_mapping.py	leonmap	0.1.0	2026-07-31	1.0
icd10:I20.0	Unstable angina	skos:exactMatch	mesh:D000789	Angina, Unstable	semapv:LexicalMatching	2019	2025	https://github.com/gyorilab/mapnet/blob/main/scripts/generate_leonmap_mesh_icd10_mapping.py	leonmap	0.1.0	2026-07-31	1.0
icd10:B58	Toxoplasmosis	skos:exactMatch	mesh:D014123	Toxoplasmosis	semapv:LexicalMatching	2019	2025	https://github.com/gyorilab/mapnet/blob/main/scripts/generate_leonmap_mesh_icd10_mapping.py	leonmap	0.1.0	2026-07-31	1.0
icd10:B44	Aspergillosis	skos:exactMatch	mesh:D001228	Aspergillosis	semapv:LexicalMatching	2019	2025	https://github.com/gyorilab/mapnet/blob/main/scripts/generate_leonmap_mesh_icd10_mapping.py	leonmap	0.1.0	2026-07-31	1.0
icd10:B70.0	Diphyllobothriasis	skos:exactMatch	mesh:D004169	Diphyllobothriasis	semapv:LexicalMatching	2019	2025	https://github.com/gyorilab/mapnet/blob/main/scripts/generate_leonmap_mesh_icd10_mapping.py	leonmap	0.1.0	2026-07-31	1.0
icd10:B73	Onchocerciasis	skos:exactMatch	mesh:D009855	Onchocerciasis	semapv:LexicalMatching	2019	2025	https://github.com/gyorilab/mapnet/blob/main/scripts/generate_leonmap_mesh_icd10_mapping.py	leonmap	0.1.0	2026-07-31	1.0
icd10:B76.0	Ancylostomiasis	skos:exactMatch	mesh:D000724	Ancylostomiasis	semapv:LexicalMatching	2019	2025	https://github.com/gyorilab/mapnet/blob/main/scripts/generate_leonmap_mesh_icd10_mapping.py	leonmap	0.1.0	2026-07-31	1.0
icd10:F60.7	Dependent personality disorder	skos:exactMatch	mesh:D003859	Dependent Personality Disorder	semapv:LexicalMatching	2019	2025	https://github.com/gyorilab/mapnet/blob/main/scripts/generate_leonmap_mesh_icd10_mapping.py	leonmap	0.1.0	2026-07-31	1.0
icd10:F52.4	Premature ejaculation	skos:exactMatch	mesh:D061686	Premature Ejaculation	semapv:LexicalMatching	2019	2025	https://github.com/gyorilab/mapnet/blob/main/scripts/generate_leonmap_mesh_icd10_mapping.py	leonmap	0.1.0	2026-07-31	1.0
icd10:A39.1	Waterhouse-Friderichsen syndrome	skos:exactMatch	mesh:D014884	Waterhouse-Friderichsen Syndrome	semapv:LexicalMatching	2019	2025	https://github.com/gyorilab/mapnet/blob/main/scripts/generate_leonmap_mesh_icd10_mapping.py	leonmap	0.1.0	2026-07-31	1.0
icd10:A30.3	Borderline leprosy	skos:exactMatch	mesh:D015439	Leprosy, Borderline	semapv:LexicalMatching	2019	2025	https://github.com/gyorilab/mapnet/blob/main/scripts/generate_leonmap_mesh_icd10_mapping.py	leonmap	0.1.0	2026-07-31	1.0
icd10:B72	Dracunculiasis	skos:exactMatch	mesh:D004320	Dracunculiasis	semapv:LexicalMatching	2019	2025	https://github.com/gyorilab/mapnet/blob/main/scripts/generate_leonmap_mesh_icd10_mapping.py	leonmap	0.1.0	2026-07-31	1.0
icd10:B70.1	Sparganosis	skos:exactMatch	mesh:D013031	Sparganosis	semapv:LexicalMatching	2019	2025	https://github.com/gyorilab/mapnet/blob/main/scripts/generate_leonmap_mesh_icd10_mapping.py	leonmap	0.1.0	2026-07-31	1.0
icd10:N94.2	Vaginismus	skos:exactMatch	mesh:D052065	Vaginismus	semapv:LexicalMatching	2019	2025	https://github.com/gyorilab/mapnet/blob/main/scripts/generate_leonmap_mesh_icd10_mapping.py	leonmap	0.1.0	2026-07-31	1.0
icd10:A58	Granuloma inguinale	skos:exactMatch	mesh:D006100	Granuloma Inguinale	semapv:LexicalMatching	2019	2025	https://github.com/gyorilab/mapnet/blob/main/scripts/generate_leonmap_mesh_icd10_mapping.py	leonmap	0.1.0	2026-07-31	1.0
icd10:J36	Peritonsillar abscess	skos:exactMatch	mesh:D000039	Peritonsillar Abscess	semapv:LexicalMatching	2019	2025	https://github.com/gyorilab/mapnet/blob/main/scripts/generate_leonmap_mesh_icd10_mapping.py	leonmap	0.1.0	2026-07-31	1.0
icd10:F42	Obsessive-compulsive disorder	skos:exactMatch	mesh:D009771	Obsessive-Compulsive Disorder	semapv:LexicalMatching	2019	2025	https://github.com/gyorilab/mapnet/blob/main/scripts/generate_leonmap_mesh_icd10_mapping.py	leonmap	0.1.0	2026-07-31	1.0
icd10:A42	Actinomycosis	skos:exactMatch	mesh:D000196	Actinomycosis	semapv:LexicalMatching	2019	2025	https://github.com/gyorilab/mapnet/blob/main/scripts/generate_leonmap_mesh_icd10_mapping.py	leonmap	0.1.0	2026-07-31	1.0
icd10:B79	Trichuriasis	skos:exactMatch	mesh:D014257	Trichuriasis	semapv:LexicalMatching	2019	2025	https://github.com/gyorilab/mapnet/blob/main/scripts/generate_leonmap_mesh_icd10_mapping.py	leonmap	0.1.0	2026-07-31	1.0
icd10:B74.3	Loiasis	skos:exactMatch	mesh:D008118	Loiasis	semapv:LexicalMatching	2019	2025	https://github.com/gyorilab/mapnet/blob/main/scripts/generate_leonmap_mesh_icd10_mapping.py	leonmap	0.1.0	2026-07-31	1.0
icd10:R48.1	Agnosia	skos:exactMatch	mesh:D000377	Agnosia	semapv:LexicalMatching	2019	2025	https://github.com/gyorilab/mapnet/blob/main/scripts/generate_leonmap_mesh_icd10_mapping.py	leonmap	0.1.0	2026-07-31	1.0
icd10:F91.3	Oppositional defiant disorder	skos:exactMatch	mesh:D000096865	Oppositional Defiant Disorder	semapv:LexicalMatching	2019	2025	https://github.com/gyorilab/mapnet/blob/main/scripts/generate_leonmap_mesh_icd10_mapping.py	leonmap	0.1.0	2026-07-31	1.0
icd10:K67.3	Tuberculous peritonitis	skos:exactMatch	mesh:D014395	Peritonitis, Tuberculous	semapv:LexicalMatching	2019	2025	https://github.com/gyorilab/mapnet/blob/main/scripts/generate_leonmap_mesh_icd10_mapping.py	leonmap	0.1.0	2026-07-31	1.0
icd10:B80	Enterobiasis	skos:exactMatch	mesh:D017229	Enterobiasis	semapv:LexicalMatching	2019	2025	https://github.com/gyorilab/mapnet/blob/main/scripts/generate_leonmap_mesh_icd10_mapping.py	leonmap	0.1.0	2026-07-31	1.0
icd10:B77	Ascariasis	skos:exactMatch	mesh:D001196	Ascariasis	semapv:LexicalMatching	2019	2025	https://github.com/gyorilab/mapnet/blob/main/scripts/generate_leonmap_mesh_icd10_mapping.py	leonmap	0.1.0	2026-07-31	1.0
icd10:B55.0	Visceral leishmaniasis	skos:exactMatch	mesh:D007898	Leishmaniasis, Visceral	semapv:LexicalMatching	2019	2025	https://github.com/gyorilab/mapnet/blob/main/scripts/generate_leonmap_mesh_icd10_mapping.py	leonmap	0.1.0	2026-07-31	1.0
icd10:B71.0	Hymenolepiasis	skos:exactMatch	mesh:D006925	Hymenolepiasis	semapv:LexicalMatching	2019	2025	https://github.com/gyorilab/mapnet/blob/main/scripts/generate_leonmap_mesh_icd10_mapping.py	leonmap	0.1.0	2026-07-31	1.0
icd10:A78	Q fever	skos:exactMatch	mesh:D011778	Q Fever	semapv:LexicalMatching	2019	2025	https://github.com/gyorilab/mapnet/blob/main/scripts/generate_leonmap_mesh_icd10_mapping.py	leonmap	0.1.0	2026-07-31	1.0
icd10:I42.6	Alcoholic cardiomyopathy	skos:exactMatch	mesh:D002310	Cardiomyopathy, Alcoholic	semapv:LexicalMatching	2019	2025	https://github.com/gyorilab/mapnet/blob/main/scripts/generate_leonmap_mesh_icd10_mapping.py	leonmap	0.1.0	2026-07-31	1.0
icd10:L03	Cellulitis	skos:exactMatch	mesh:D002481	Cellulitis	semapv:LexicalMatching	2019	2025	https://github.com/gyorilab/mapnet/blob/main/scripts/generate_leonmap_mesh_icd10_mapping.py	leonmap	0.1.0	2026-07-31	1.0
icd10:F48.0	Neurasthenia	skos:exactMatch	mesh:D009440	Neurasthenia	semapv:LexicalMatching	2019	2025	https://github.com/gyorilab/mapnet/blob/main/scripts/generate_leonmap_mesh_icd10_mapping.py	leonmap	0.1.0	2026-07-31	1.0
icd10:A07.2	Cryptosporidiosis	skos:exactMatch	mesh:D003457	Cryptosporidiosis	semapv:LexicalMatching	2019	2025	https://github.com/gyorilab/mapnet/blob/main/scripts/generate_leonmap_mesh_icd10_mapping.py	leonmap	0.1.0	2026-07-31	1.0
icd10:B37	Candidiasis	skos:exactMatch	mesh:D002177	Candidiasis	semapv:LexicalMatching	2019	2025	https://github.com/gyorilab/mapnet/blob/main/scripts/generate_leonmap_mesh_icd10_mapping.py	leonmap	0.1.0	2026-07-31	1.0
icd10:A32	Listeriosis	skos:exactMatch	mesh:D008088	Listeriosis	semapv:LexicalMatching	2019	2025	https://github.com/gyorilab/mapnet/blob/main/scripts/generate_leonmap_mesh_icd10_mapping.py	leonmap	0.1.0	2026-07-31	1.0
icd10:J16.0	Chlamydial pneumonia	skos:exactMatch	mesh:D061387	Chlamydial Pneumonia	semapv:LexicalMatching	2019	2025	https://github.com/gyorilab/mapnet/blob/main/scripts/generate_leonmap_mesh_icd10_mapping.py	leonmap	0.1.0	2026-07-31	1.0
icd10:K65	Peritonitis	skos:exactMatch	mesh:D010538	Peritonitis	semapv:LexicalMatching	2019	2025	https://github.com/gyorilab/mapnet/blob/main/scripts/generate_leonmap_mesh_icd10_mapping.py	leonmap	0.1.0	2026-07-31	1.0
icd10:A01.0	Typhoid fever	skos:exactMatch	mesh:D014435	Typhoid Fever	semapv:LexicalMatching	2019	2025	https://github.com/gyorilab/mapnet/blob/main/scripts/generate_leonmap_mesh_icd10_mapping.py	leonmap	0.1.0	2026-07-31	1.0
icd10:B76.1	Necatoriasis	skos:exactMatch	mesh:D009332	Necatoriasis	semapv:LexicalMatching	2019	2025	https://github.com/gyorilab/mapnet/blob/main/scripts/generate_leonmap_mesh_icd10_mapping.py	leonmap	0.1.0	2026-07-31	1.0
icd10:F60.1	Schizoid personality disorder	skos:exactMatch	mesh:D012557	Schizoid Personality Disorder	semapv:LexicalMatching	2019	2025	https://github.com/gyorilab/mapnet/blob/main/scripts/generate_leonmap_mesh_icd10_mapping.py	leonmap	0.1.0	2026-07-31	1.0
icd10:L00	Staphylococcal scalded skin syndrome	skos:exactMatch	mesh:D013206	Staphylococcal Scalded Skin Syndrome	semapv:LexicalMatching	2019	2025	https://github.com/gyorilab/mapnet/blob/main/scripts/generate_leonmap_mesh_icd10_mapping.py	leonmap	0.1.0	2026-07-31	1.0
icd10:A19	Miliary tuberculosis	skos:exactMatch	mesh:D014391	Tuberculosis, Miliary	semapv:LexicalMatching	2019	2025	https://github.com/gyorilab/mapnet/blob/main/scripts/generate_leonmap_mesh_icd10_mapping.py	leonmap	0.1.0	2026-07-31	1.0
icd10:B30	Viral conjunctivitis	skos:exactMatch	mesh:D003236	Conjunctivitis, Viral	semapv:LexicalMatching	2019	2025	https://github.com/gyorilab/mapnet/blob/main/scripts/generate_leonmap_mesh_icd10_mapping.py	leonmap	0.1.0	2026-07-31	1.0
icd10:B60.0	Babesiosis	skos:exactMatch	mesh:D001404	Babesiosis	semapv:LexicalMatching	2019	2025	https://github.com/gyorilab/mapnet/blob/main/scripts/generate_leonmap_mesh_icd10_mapping.py	leonmap	0.1.0	2026-07-31	1.0
icd10:F60.4	Histrionic personality disorder	skos:exactMatch	mesh:D006677	Histrionic Personality Disorder	semapv:LexicalMatching	2019	2025	https://github.com/gyorilab/mapnet/blob/main/scripts/generate_leonmap_mesh_icd10_mapping.py	leonmap	0.1.0	2026-07-31	1.0
icd10:B87	Myiasis	skos:exactMatch	mesh:D009198	Myiasis	semapv:LexicalMatching	2019	2025	https://github.com/gyorilab/mapnet/blob/main/scripts/generate_leonmap_mesh_icd10_mapping.py	leonmap	0.1.0	2026-07-31	1.0
icd10:A66	Yaws	skos:exactMatch	mesh:D015001	Yaws	semapv:LexicalMatching	2019	2025	https://github.com/gyorilab/mapnet/blob/main/scripts/generate_leonmap_mesh_icd10_mapping.py	leonmap	0.1.0	2026-07-31	1.0
icd10:B81.0	Anisakiasis	skos:exactMatch	mesh:D017129	Anisakiasis	semapv:LexicalMatching	2019	2025	https://github.com/gyorilab/mapnet/blob/main/scripts/generate_leonmap_mesh_icd10_mapping.py	leonmap	0.1.0	2026-07-31	1.0
icd10:B05	Measles	skos:exactMatch	mesh:D008457	Measles	semapv:LexicalMatching	2019	2025	https://github.com/gyorilab/mapnet/blob/main/scripts/generate_leonmap_mesh_icd10_mapping.py	leonmap	0.1.0	2026-07-31	1.0
icd10:A05.1	Botulism	skos:exactMatch	mesh:D001906	Botulism	semapv:LexicalMatching	2019	2025	https://github.com/gyorilab/mapnet/blob/main/scripts/generate_leonmap_mesh_icd10_mapping.py	leonmap	0.1.0	2026-07-31	1.0
icd10:G45.4	Transient global amnesia	skos:exactMatch	mesh:D020236	Amnesia, Transient Global	semapv:LexicalMatching	2019	2025	https://github.com/gyorilab/mapnet/blob/main/scripts/generate_leonmap_mesh_icd10_mapping.py	leonmap	0.1.0	2026-07-31	1.0
icd10:B48.1	Rhinosporidiosis	skos:exactMatch	mesh:D012227	Rhinosporidiosis	semapv:LexicalMatching	2019	2025	https://github.com/gyorilab/mapnet/blob/main/scripts/generate_leonmap_mesh_icd10_mapping.py	leonmap	0.1.0	2026-07-31	1.0
icd10:B83.0	Visceral larva migrans	skos:exactMatch	mesh:D007816	Larva Migrans, Visceral	semapv:LexicalMatching	2019	2025	https://github.com/gyorilab/mapnet/blob/main/scripts/generate_leonmap_mesh_icd10_mapping.py	leonmap	0.1.0	2026-07-31	1.0
icd10:B86	Scabies	skos:exactMatch	mesh:D012532	Scabies	semapv:LexicalMatching	2019	2025	https://github.com/gyorilab/mapnet/blob/main/scripts/generate_leonmap_mesh_icd10_mapping.py	leonmap	0.1.0	2026-07-31	1.0
icd10:A30.1	Tuberculoid leprosy	skos:exactMatch	mesh:D015441	Leprosy, Tuberculoid	semapv:LexicalMatching	2019	2025	https://github.com/gyorilab/mapnet/blob/main/scripts/generate_leonmap_mesh_icd10_mapping.py	leonmap	0.1.0	2026-07-31	1.0
icd10:A22	Anthrax	skos:exactMatch	mesh:D000881	Anthrax	semapv:LexicalMatching	2019	2025	https://github.com/gyorilab/mapnet/blob/main/scripts/generate_leonmap_mesh_icd10_mapping.py	leonmap	0.1.0	2026-07-31	1.0
icd10:A93.2	Colorado tick fever	skos:exactMatch	mesh:D003121	Colorado Tick Fever	semapv:LexicalMatching	2019	2025	https://github.com/gyorilab/mapnet/blob/main/scripts/generate_leonmap_mesh_icd10_mapping.py	leonmap	0.1.0	2026-07-31	1.0
icd10:B68	Taeniasis	skos:exactMatch	mesh:D013622	Taeniasis	semapv:LexicalMatching	2019	2025	https://github.com/gyorilab/mapnet/blob/main/scripts/generate_leonmap_mesh_icd10_mapping.py	leonmap	0.1.0	2026-07-31	1.0
icd10:A26	Erysipeloid	skos:exactMatch	mesh:D004887	Erysipeloid	semapv:LexicalMatching	2019	2025	https://github.com/gyorilab/mapnet/blob/main/scripts/generate_leonmap_mesh_icd10_mapping.py	leonmap	0.1.0	2026-07-31	1.0
icd10:M86	Osteomyelitis	skos:exactMatch	mesh:D010019	Osteomyelitis	semapv:LexicalMatching	2019	2025	https://github.com/gyorilab/mapnet/blob/main/scripts/generate_leonmap_mesh_icd10_mapping.py	leonmap	0.1.0	2026-07-31	1.0
icd10:B55.1	Cutaneous leishmaniasis	skos:exactMatch	mesh:D016773	Leishmaniasis, Cutaneous	semapv:LexicalMatching	2019	2025	https://github.com/gyorilab/mapnet/blob/main/scripts/generate_leonmap_mesh_icd10_mapping.py	leonmap	0.1.0	2026-07-31	1.0
icd10:A83.5	California encephalitis	skos:exactMatch	mesh:D004670	Encephalitis, California	semapv:LexicalMatching	2019	2025	https://github.com/gyorilab/mapnet/blob/main/scripts/generate_leonmap_mesh_icd10_mapping.py	leonmap	0.1.0	2026-07-31	1.0
icd10:F41.1	Generalized anxiety disorder	skos:exactMatch	mesh:D000098647	Generalized Anxiety Disorder	semapv:LexicalMatching	2019	2025	https://github.com/gyorilab/mapnet/blob/main/scripts/generate_leonmap_mesh_icd10_mapping.py	leonmap	0.1.0	2026-07-31	1.0
icd10:B41	Paracoccidioidomycosis	skos:exactMatch	mesh:D010229	Paracoccidioidomycosis	semapv:LexicalMatching	2019	2025	https://github.com/gyorilab/mapnet/blob/main/scripts/generate_leonmap_mesh_icd10_mapping.py	leonmap	0.1.0	2026-07-31	1.0
icd10:F50.0	Anorexia nervosa	skos:exactMatch	mesh:D000856	Anorexia Nervosa	semapv:LexicalMatching	2019	2025	https://github.com/gyorilab/mapnet/blob/main/scripts/generate_leonmap_mesh_icd10_mapping.py	leonmap	0.1.0	2026-07-31	1.0
icd10:A71	Trachoma	skos:exactMatch	mesh:D014141	Trachoma	semapv:LexicalMatching	2019	2025	https://github.com/gyorilab/mapnet/blob/main/scripts/generate_leonmap_mesh_icd10_mapping.py	leonmap	0.1.0	2026-07-31	1.0
icd10:B48.0	Lobomycosis	skos:exactMatch	mesh:D060368	Lobomycosis	semapv:LexicalMatching	2019	2025	https://github.com/gyorilab/mapnet/blob/main/scripts/generate_leonmap_mesh_icd10_mapping.py	leonmap	0.1.0	2026-07-31	1.0
icd10:A83.0	Japanese encephalitis	skos:exactMatch	mesh:D004672	Encephalitis, Japanese	semapv:LexicalMatching	2019	2025	https://github.com/gyorilab/mapnet/blob/main/scripts/generate_leonmap_mesh_icd10_mapping.py	leonmap	0.1.0	2026-07-31	1.0
icd10:B75	Trichinellosis	skos:exactMatch	mesh:D014235	Trichinellosis	semapv:LexicalMatching	2019	2025	https://github.com/gyorilab/mapnet/blob/main/scripts/generate_leonmap_mesh_icd10_mapping.py	leonmap	0.1.0	2026-07-31	1.0
icd10:A42.2	Cervicofacial actinomycosis	skos:exactMatch	mesh:D000197	Actinomycosis, Cervicofacial	semapv:LexicalMatching	2019	2025	https://github.com/gyorilab/mapnet/blob/main/scripts/generate_leonmap_mesh_icd10_mapping.py	leonmap	0.1.0	2026-07-31	1.0
icd10:B57	Chagas disease	skos:exactMatch	mesh:D014355	Chagas Disease	semapv:LexicalMatching	2019	2025	https://github.com/gyorilab/mapnet/blob/main/scripts/generate_leonmap_mesh_icd10_mapping.py	leonmap	0.1.0	2026-07-31	1.0
icd10:A28.1	Cat-scratch disease	skos:exactMatch	mesh:D002372	Cat-Scratch Disease	semapv:LexicalMatching	2019	2025	https://github.com/gyorilab/mapnet/blob/main/scripts/generate_leonmap_mesh_icd10_mapping.py	leonmap	0.1.0	2026-07-31	1.0
icd10:F60.0	Paranoid personality disorder	skos:exactMatch	mesh:D010260	Paranoid Personality Disorder	semapv:LexicalMatching	2019	2025	https://github.com/gyorilab/mapnet/blob/main/scripts/generate_leonmap_mesh_icd10_mapping.py	leonmap	0.1.0	2026-07-31	1.0
icd10:A24.0	Glanders	skos:exactMatch	mesh:D005896	Glanders	semapv:LexicalMatching	2019	2025	https://github.com/gyorilab/mapnet/blob/main/scripts/generate_leonmap_mesh_icd10_mapping.py	leonmap	0.1.0	2026-07-31	1.0
icd10:A30.5	Lepromatous leprosy	skos:exactMatch	mesh:D015440	Leprosy, Lepromatous	semapv:LexicalMatching	2019	2025	https://github.com/gyorilab/mapnet/blob/main/scripts/generate_leonmap_mesh_icd10_mapping.py	leonmap	0.1.0	2026-07-31	1.0
icd10:R09.1	Pleurisy	skos:exactMatch	mesh:D010998	Pleurisy	semapv:LexicalMatching	2019	2025	https://github.com/gyorilab/mapnet/blob/main/scripts/generate_leonmap_mesh_icd10_mapping.py	leonmap	0.1.0	2026-07-31	1.0
icd10:K70.1	Alcoholic hepatitis	skos:exactMatch	mesh:D006519	Hepatitis, Alcoholic	semapv:LexicalMatching	2019	2025	https://github.com/gyorilab/mapnet/blob/main/scripts/generate_leonmap_mesh_icd10_mapping.py	leonmap	0.1.0	2026-07-31	1.0
icd10:A69.2	Lyme disease	skos:exactMatch	mesh:D008193	Lyme Disease	semapv:LexicalMatching	2019	2025	https://github.com/gyorilab/mapnet/blob/main/scripts/generate_leonmap_mesh_icd10_mapping.py	leonmap	0.1.0	2026-07-31	1.0
icd10:B45	Cryptococcosis	skos:exactMatch	mesh:D003453	Cryptococcosis	semapv:LexicalMatching	2019	2025	https://github.com/gyorilab/mapnet/blob/main/scripts/generate_leonmap_mesh_icd10_mapping.py	leonmap	0.1.0	2026-07-31	1.0
icd10:F65.2	Exhibitionism	skos:exactMatch	mesh:D005084	Exhibitionism	semapv:LexicalMatching	2019	2025	https://github.com/gyorilab/mapnet/blob/main/scripts/generate_leonmap_mesh_icd10_mapping.py	leonmap	0.1.0	2026-07-31	1.0
icd10:J30.0	Vasomotor rhinitis	skos:exactMatch	mesh:D012223	Rhinitis, Vasomotor	semapv:LexicalMatching	2019	2025	https://github.com/gyorilab/mapnet/blob/main/scripts/generate_leonmap_mesh_icd10_mapping.py	leonmap	0.1.0	2026-07-31	1.0
icd10:P35.0	Congenital rubella syndrome	skos:exactMatch	mesh:D012410	Rubella Syndrome, Congenital	semapv:LexicalMatching	2019	2025	https://github.com/gyorilab/mapnet/blob/main/scripts/generate_leonmap_mesh_icd10_mapping.py	leonmap	0.1.0	2026-07-31	1.0
icd10:G00.0	Haemophilus meningitis	skos:exactMatch	mesh:D008583	Meningitis, Haemophilus	semapv:LexicalMatching	2019	2025	https://github.com/gyorilab/mapnet/blob/main/scripts/generate_leonmap_mesh_icd10_mapping.py	leonmap	0.1.0	2026-07-31	1.0
icd10:F45	Somatoform disorders	skos:exactMatch	mesh:D013001	Somatoform Disorders	semapv:LexicalMatching	2019	2025	https://github.com/gyorilab/mapnet/blob/main/scripts/generate_leonmap_mesh_icd10_mapping.py	leonmap	0.1.0	2026-07-31	1.0
icd10:F63.3	Trichotillomania	skos:exactMatch	mesh:D014256	Trichotillomania	semapv:LexicalMatching	2019	2025	https://github.com/gyorilab/mapnet/blob/main/scripts/generate_leonmap_mesh_icd10_mapping.py	leonmap	0.1.0	2026-07-31	1.0
icd10:B78	Strongyloidiasis	skos:exactMatch	mesh:D013322	Strongyloidiasis	semapv:LexicalMatching	2019	2025	https://github.com/gyorilab/mapnet/blob/main/scripts/generate_leonmap_mesh_icd10_mapping.py	leonmap	0.1.0	2026-07-31	1.0
icd10:B42	Sporotrichosis	skos:exactMatch	mesh:D013174	Sporotrichosis	semapv:LexicalMatching	2019	2025	https://github.com/gyorilab/mapnet/blob/main/scripts/generate_leonmap_mesh_icd10_mapping.py	leonmap	0.1.0	2026-07-31	1.0
icd10:L01	Impetigo	skos:exactMatch	mesh:D007169	Impetigo	semapv:LexicalMatching	2019	2025	https://github.com/gyorilab/mapnet/blob/main/scripts/generate_leonmap_mesh_icd10_mapping.py	leonmap	0.1.0	2026-07-31	1.0
icd10:A81.2	Progressive multifocal leukoencephalopathy	skos:exactMatch	mesh:D007968	Leukoencephalopathy, Progressive Multifocal	semapv:LexicalMatching	2019	2025	https://github.com/gyorilab/mapnet/blob/main/scripts/generate_leonmap_mesh_icd10_mapping.py	leonmap	0.1.0	2026-07-31	1.0
icd10:B55	Leishmaniasis	skos:exactMatch	mesh:D007896	Leishmaniasis	semapv:LexicalMatching	2019	2025	https://github.com/gyorilab/mapnet/blob/main/scripts/generate_leonmap_mesh_icd10_mapping.py	leonmap	0.1.0	2026-07-31	1.0
icd10:H70.2	Petrositis	skos:exactMatch	mesh:D059270	Petrositis	semapv:LexicalMatching	2019	2025	https://github.com/gyorilab/mapnet/blob/main/scripts/generate_leonmap_mesh_icd10_mapping.py	leonmap	0.1.0	2026-07-31	1.0
icd10:F40.0	Agoraphobia	skos:exactMatch	mesh:D000379	Agoraphobia	semapv:LexicalMatching	2019	2025	https://github.com/gyorilab/mapnet/blob/main/scripts/generate_leonmap_mesh_icd10_mapping.py	leonmap	0.1.0	2026-07-31	1.0
icd10:A98.2	Kyasanur Forest disease	skos:exactMatch	mesh:D007733	Kyasanur Forest Disease	semapv:LexicalMatching	2019	2025	https://github.com/gyorilab/mapnet/blob/main/scripts/generate_leonmap_mesh_icd10_mapping.py	leonmap	0.1.0	2026-07-31	1.0
icd10:B44.0	Invasive pulmonary aspergillosis	skos:exactMatch	mesh:D055744	Invasive Pulmonary Aspergillosis	semapv:LexicalMatching	2019	2025	https://github.com/gyorilab/mapnet/blob/main/scripts/generate_leonmap_mesh_icd10_mapping.py	leonmap	0.1.0	2026-07-31	1.0
icd10:B38	Coccidioidomycosis	skos:exactMatch	mesh:D003047	Coccidioidomycosis	semapv:LexicalMatching	2019	2025	https://github.com/gyorilab/mapnet/blob/main/scripts/generate_leonmap_mesh_icd10_mapping.py	leonmap	0.1.0	2026-07-31	1.0
icd10:F20	Schizophrenia	skos:exactMatch	mesh:D012559	Schizophrenia	semapv:LexicalMatching	2019	2025	https://github.com/gyorilab/mapnet/blob/main/scripts/generate_leonmap_mesh_icd10_mapping.py	leonmap	0.1.0	2026-07-31	1.0
icd10:A82	Rabies	skos:exactMatch	mesh:D011818	Rabies	semapv:LexicalMatching	2019	2025	https://github.com/gyorilab/mapnet/blob/main/scripts/generate_leonmap_mesh_icd10_mapping.py	leonmap	0.1.0	2026-07-31	1.0
icd10:B46	Zygomycosis	skos:exactMatch	mesh:D020096	Zygomycosis	semapv:LexicalMatching	2019	2025	https://github.com/gyorilab/mapnet/blob/main/scripts/generate_leonmap_mesh_icd10_mapping.py	leonmap	0.1.0	2026-07-31	1.0
icd10:B39	Histoplasmosis	skos:exactMatch	mesh:D006660	Histoplasmosis	semapv:LexicalMatching	2019	2025	https://github.com/gyorilab/mapnet/blob/main/scripts/generate_leonmap_mesh_icd10_mapping.py	leonmap	0.1.0	2026-07-31	1.0
icd10:A48.0	Gas gangrene	skos:exactMatch	mesh:D005738	Gas Gangrene	semapv:LexicalMatching	2019	2025	https://github.com/gyorilab/mapnet/blob/main/scripts/generate_leonmap_mesh_icd10_mapping.py	leonmap	0.1.0	2026-07-31	1.0
icd10:F95	Tic disorders	skos:exactMatch	mesh:D013981	Tic Disorders	semapv:LexicalMatching	2019	2025	https://github.com/gyorilab/mapnet/blob/main/scripts/generate_leonmap_mesh_icd10_mapping.py	leonmap	0.1.0	2026-07-31	1.0
icd10:F65.3	Voyeurism	skos:exactMatch	mesh:D014843	Voyeurism	semapv:LexicalMatching	2019	2025	https://github.com/gyorilab/mapnet/blob/main/scripts/generate_leonmap_mesh_icd10_mapping.py	leonmap	0.1.0	2026-07-31	1.0
icd10:B40	Blastomycosis	skos:exactMatch	mesh:D001759	Blastomycosis	semapv:LexicalMatching	2019	2025	https://github.com/gyorilab/mapnet/blob/main/scripts/generate_leonmap_mesh_icd10_mapping.py	leonmap	0.1.0	2026-07-31	1.0
icd10:A38	Scarlet fever	skos:exactMatch	mesh:D012541	Scarlet Fever	semapv:LexicalMatching	2019	2025	https://github.com/gyorilab/mapnet/blob/main/scripts/generate_leonmap_mesh_icd10_mapping.py	leonmap	0.1.0	2026-07-31	1.0
icd10:H16.0	Corneal ulcer	skos:exactMatch	mesh:D003320	Corneal Ulcer	semapv:LexicalMatching	2019	2025	https://github.com/gyorilab/mapnet/blob/main/scripts/generate_leonmap_mesh_icd10_mapping.py	leonmap	0.1.0	2026-07-31	1.0
icd10:B08.1	Molluscum contagiosum	skos:exactMatch	mesh:D008976	Molluscum Contagiosum	semapv:LexicalMatching	2019	2025	https://github.com/gyorilab/mapnet/blob/main/scripts/generate_leonmap_mesh_icd10_mapping.py	leonmap	0.1.0	2026-07-31	1.0
icd10:A87	Viral meningitis	skos:exactMatch	mesh:D008587	Meningitis, Viral	semapv:LexicalMatching	2019	2025	https://github.com/gyorilab/mapnet/blob/main/scripts/generate_leonmap_mesh_icd10_mapping.py	leonmap	0.1.0	2026-07-31	1.0
icd10:C83.7	Burkitt lymphoma	skos:exactMatch	mesh:D002051	Burkitt Lymphoma	semapv:LexicalMatching	2019	2025	https://github.com/gyorilab/mapnet/blob/main/scripts/generate_leonmap_mesh_icd10_mapping.py	leonmap	0.1.0	2026-07-31	1.0
icd10:R41.2	Retrograde amnesia	skos:exactMatch	mesh:D000648	Amnesia, Retrograde	semapv:LexicalMatching	2019	2025	https://github.com/gyorilab/mapnet/blob/main/scripts/generate_leonmap_mesh_icd10_mapping.py	leonmap	0.1.0	2026-07-31	1.0
icd10:A95	Yellow fever	skos:exactMatch	mesh:D015004	Yellow Fever	semapv:LexicalMatching	2019	2025	https://github.com/gyorilab/mapnet/blob/main/scripts/generate_leonmap_mesh_icd10_mapping.py	leonmap	0.1.0	2026-07-31	1.0
icd10:F50.2	Bulimia nervosa	skos:exactMatch	mesh:D052018	Bulimia Nervosa	semapv:LexicalMatching	2019	2025	https://github.com/gyorilab/mapnet/blob/main/scripts/generate_leonmap_mesh_icd10_mapping.py	leonmap	0.1.0	2026-07-31	1.0
icd10:B55.2	Mucocutaneous leishmaniasis	skos:exactMatch	mesh:D007897	Leishmaniasis, Mucocutaneous	semapv:LexicalMatching	2019	2025	https://github.com/gyorilab/mapnet/blob/main/scripts/generate_leonmap_mesh_icd10_mapping.py	leonmap	0.1.0	2026-07-31	1.0
icd10:B47	Mycetoma	skos:exactMatch	mesh:D008271	Mycetoma	semapv:LexicalMatching	2019	2025	https://github.com/gyorilab/mapnet/blob/main/scripts/generate_leonmap_mesh_icd10_mapping.py	leonmap	0.1.0	2026-07-31	1.0
icd10:R41.1	Anterograde amnesia	skos:exactMatch	mesh:D020324	Amnesia, Anterograde	semapv:LexicalMatching	2019	2025	https://github.com/gyorilab/mapnet/blob/main/scripts/generate_leonmap_mesh_icd10_mapping.py	leonmap	0.1.0	2026-07-31	1.0
icd10:A87.2	Lymphocytic choriomeningitis	skos:exactMatch	mesh:D008216	Lymphocytic Choriomeningitis	semapv:LexicalMatching	2019	2025	https://github.com/gyorilab/mapnet/blob/main/scripts/generate_leonmap_mesh_icd10_mapping.py	leonmap	0.1.0	2026-07-31	1.0
icd10:B56	African trypanosomiasis	skos:exactMatch	mesh:D014353	Trypanosomiasis, African	semapv:LexicalMatching	2019	2025	https://github.com/gyorilab/mapnet/blob/main/scripts/generate_leonmap_mesh_icd10_mapping.py	leonmap	0.1.0	2026-07-31	1.0
icd10:B74.4	Mansonelliasis	skos:exactMatch	mesh:D008368	Mansonelliasis	semapv:LexicalMatching	2019	2025	https://github.com/gyorilab/mapnet/blob/main/scripts/generate_leonmap_mesh_icd10_mapping.py	leonmap	0.1.0	2026-07-31	1.0
icd10:A46	Erysipelas	skos:exactMatch	mesh:D004886	Erysipelas	semapv:LexicalMatching	2019	2025	https://github.com/gyorilab/mapnet/blob/main/scripts/generate_leonmap_mesh_icd10_mapping.py	leonmap	0.1.0	2026-07-31	1.0
icd10:A83.3	St Louis encephalitis	skos:exactMatch	mesh:D004674	Encephalitis, St. Louis	semapv:LexicalMatching	2019	2025	https://github.com/gyorilab/mapnet/blob/main/scripts/generate_leonmap_mesh_icd10_mapping.py	leonmap	0.1.0	2026-07-31	1.0
icd10:A52.0	Cardiovascular syphilis	skos:exactMatch	mesh:D013589	Syphilis, Cardiovascular	semapv:LexicalMatching	2019	2025	https://github.com/gyorilab/mapnet/blob/main/scripts/generate_leonmap_mesh_icd10_mapping.py	leonmap	0.1.0	2026-07-31	1.0
icd10:M45	Ankylosing spondylitis	skos:exactMatch	mesh:D013167	Spondylitis, Ankylosing	semapv:LexicalMatching	2019	2025	https://github.com/gyorilab/mapnet/blob/main/scripts/generate_leonmap_mesh_icd10_mapping.py	leonmap	0.1.0	2026-07-31	1.0
icd10:A39.0	Meningococcal meningitis	skos:exactMatch	mesh:D008585	Meningitis, Meningococcal	semapv:LexicalMatching	2019	2025	https://github.com/gyorilab/mapnet/blob/main/scripts/generate_leonmap_mesh_icd10_mapping.py	leonmap	0.1.0	2026-07-31	1.0
icd10:A23	Brucellosis	skos:exactMatch	mesh:D002006	Brucellosis	semapv:LexicalMatching	2019	2025	https://github.com/gyorilab/mapnet/blob/main/scripts/generate_leonmap_mesh_icd10_mapping.py	leonmap	0.1.0	2026-07-31	1.0
icd10:G51.0	Bell palsy	skos:exactMatch	mesh:D020330	Bell Palsy	semapv:LexicalMatching	2019	2025	https://github.com/gyorilab/mapnet/blob/main/scripts/generate_leonmap_mesh_icd10_mapping.py	leonmap	0.1.0	2026-07-31	1.0
icd10:B83.1	Gnathostomiasis	skos:exactMatch	mesh:D058429	Gnathostomiasis	semapv:LexicalMatching	2019	2025	https://github.com/gyorilab/mapnet/blob/main/scripts/generate_leonmap_mesh_icd10_mapping.py	leonmap	0.1.0	2026-07-31	1.0
icd10:B74	Filariasis	skos:exactMatch	mesh:D005368	Filariasis	semapv:LexicalMatching	2019	2025	https://github.com/gyorilab/mapnet/blob/main/scripts/generate_leonmap_mesh_icd10_mapping.py	leonmap	0.1.0	2026-07-31	1.0
icd10:A00	Cholera	skos:exactMatch	mesh:D002771	Cholera	semapv:LexicalMatching	2019	2025	https://github.com/gyorilab/mapnet/blob/main/scripts/generate_leonmap_mesh_icd10_mapping.py	leonmap	0.1.0	2026-07-31	1.0
icd10:A79.0	Trench fever	skos:exactMatch	mesh:D014205	Trench Fever	semapv:LexicalMatching	2019	2025	https://github.com/gyorilab/mapnet/blob/main/scripts/generate_leonmap_mesh_icd10_mapping.py	leonmap	0.1.0	2026-07-31	1.0
icd10:A27	Leptospirosis	skos:exactMatch	mesh:D007922	Leptospirosis	semapv:LexicalMatching	2019	2025	https://github.com/gyorilab/mapnet/blob/main/scripts/generate_leonmap_mesh_icd10_mapping.py	leonmap	0.1.0	2026-07-31	1.0
icd10:B26	Mumps	skos:exactMatch	mesh:D009107	Mumps	semapv:LexicalMatching	2019	2025	https://github.com/gyorilab/mapnet/blob/main/scripts/generate_leonmap_mesh_icd10_mapping.py	leonmap	0.1.0	2026-07-31	1.0
icd10:A36	Diphtheria	skos:exactMatch	mesh:D004165	Diphtheria	semapv:LexicalMatching	2019	2025	https://github.com/gyorilab/mapnet/blob/main/scripts/generate_leonmap_mesh_icd10_mapping.py	leonmap	0.1.0	2026-07-31	1.0
icd10:A92.4	Rift Valley fever	skos:exactMatch	mesh:D012295	Rift Valley Fever	semapv:LexicalMatching	2019	2025	https://github.com/gyorilab/mapnet/blob/main/scripts/generate_leonmap_mesh_icd10_mapping.py	leonmap	0.1.0	2026-07-31	1.0
icd10:L08.1	Erythrasma	skos:exactMatch	mesh:D004894	Erythrasma	semapv:LexicalMatching	2019	2025	https://github.com/gyorilab/mapnet/blob/main/scripts/generate_leonmap_mesh_icd10_mapping.py	leonmap	0.1.0	2026-07-31	1.0
icd10:R40.1	Stupor	skos:exactMatch	mesh:D053608	Stupor	semapv:LexicalMatching	2019	2025	https://github.com/gyorilab/mapnet/blob/main/scripts/generate_leonmap_mesh_icd10_mapping.py	leonmap	0.1.0	2026-07-31	1.0
icd10:G00.1	Pneumococcal meningitis	skos:exactMatch	mesh:D008586	Meningitis, Pneumococcal	semapv:LexicalMatching	2019	2025	https://github.com/gyorilab/mapnet/blob/main/scripts/generate_leonmap_mesh_icd10_mapping.py	leonmap	0.1.0	2026-07-31	1.0
icd10:A57	Chancroid	skos:exactMatch	mesh:D002602	Chancroid	semapv:LexicalMatching	2019	2025	https://github.com/gyorilab/mapnet/blob/main/scripts/generate_leonmap_mesh_icd10_mapping.py	leonmap	0.1.0	2026-07-31	1.0
icd10:F34.0	Cyclothymia	skos:closeMatch	mesh:D003527	Cyclothymic Disorder	semapv:LexicalMatching	2019	2025	https://github.com/gyorilab/mapnet/blob/main/scripts/generate_leonmap_mesh_icd10_mapping.py	leonmap	0.1.0	2026-07-31	1.0
icd10:F63.0	Pathological gambling	skos:closeMatch	mesh:D005715	Gambling	semapv:LexicalMatching	2019	2025	https://github.com/gyorilab/mapnet/blob/main/scripts/generate_leonmap_mesh_icd10_mapping.py	leonmap	0.1.0	2026-07-31	1.0
icd10:J00	Acute nasopharyngitis [common cold]	skos:closeMatch	mesh:D003139	Common Cold	semapv:LexicalMatching	2019	2025	https://github.com/gyorilab/mapnet/blob/main/scripts/generate_leonmap_mesh_icd10_mapping.py	leonmap	0.1.0	2026-07-31	1.0
icd10:A24.4	Melioidosis, unspecified	skos:closeMatch	mesh:D008554	Melioidosis	semapv:LexicalMatching	2019	2025	https://github.com/gyorilab/mapnet/blob/main/scripts/generate_leonmap_mesh_icd10_mapping.py	leonmap	0.1.0	2026-07-31	1.0
icd10:A70	Chlamydia psittaci infection	skos:closeMatch	mesh:D009956	Psittacosis	semapv:LexicalMatching	2019	2025	https://github.com/gyorilab/mapnet/blob/main/scripts/generate_leonmap_mesh_icd10_mapping.py	leonmap	0.1.0	2026-07-31	1.0
icd10:A25.1	Streptobacillosis	skos:closeMatch	mesh:D011906	Rat-Bite Fever	semapv:LexicalMatching	2019	2025	https://github.com/gyorilab/mapnet/blob/main/scripts/generate_leonmap_mesh_icd10_mapping.py	leonmap	0.1.0	2026-07-31	1.0
icd10:B81.1	Intestinal capillariasis	skos:closeMatch	mesh:D017189	Enoplida Infections	semapv:LexicalMatching	2019	2025	https://github.com/gyorilab/mapnet/blob/main/scripts/generate_leonmap_mesh_icd10_mapping.py	leonmap	0.1.0	2026-07-31	1.0
icd10:B35	Dermatophytosis	skos:closeMatch	mesh:D014005	Tinea	semapv:LexicalMatching	2019	2025	https://github.com/gyorilab/mapnet/blob/main/scripts/generate_leonmap_mesh_icd10_mapping.py	leonmap	0.1.0	2026-07-31	1.0
icd10:A68.0	Louse-borne relapsing fever	skos:closeMatch	mesh:D012061	Relapsing Fever	semapv:LexicalMatching	2019	2025	https://github.com/gyorilab/mapnet/blob/main/scripts/generate_leonmap_mesh_icd10_mapping.py	leonmap	0.1.0	2026-07-31	1.0
icd10:B00.0	Eczema herpeticum	skos:closeMatch	mesh:D007617	Kaposi Varicelliform Eruption	semapv:LexicalMatching	2019	2025	https://github.com/gyorilab/mapnet/blob/main/scripts/generate_leonmap_mesh_icd10_mapping.py	leonmap	0.1.0	2026-07-31	1.0
icd10:G90.6	Complex regional pain syndrome type II	skos:closeMatch	mesh:D002422	Causalgia	semapv:LexicalMatching	2019	2025	https://github.com/gyorilab/mapnet/blob/main/scripts/generate_leonmap_mesh_icd10_mapping.py	leonmap	0.1.0	2026-07-31	1.0
icd10:B35.1	Tinea unguium	skos:closeMatch	mesh:D014009	Onychomycosis	semapv:LexicalMatching	2019	2025	https://github.com/gyorilab/mapnet/blob/main/scripts/generate_leonmap_mesh_icd10_mapping.py	leonmap	0.1.0	2026-07-31	1.0
icd10:G62.1	Alcoholic polyneuropathy	skos:closeMatch	mesh:D020269	Alcoholic Neuropathy	semapv:LexicalMatching	2019	2025	https://github.com/gyorilab/mapnet/blob/main/scripts/generate_leonmap_mesh_icd10_mapping.py	leonmap	0.1.0	2026-07-31	1.0
icd10:B45.1	Cerebral cryptococcosis	skos:closeMatch	mesh:D016919	Meningitis, Cryptococcal	semapv:LexicalMatching	2019	2025	https://github.com/gyorilab/mapnet/blob/main/scripts/generate_leonmap_mesh_icd10_mapping.py	leonmap	0.1.0	2026-07-31	1.0
icd10:R40.0	Somnolence	skos:closeMatch	mesh:D000077260	Sleepiness	semapv:LexicalMatching	2019	2025	https://github.com/gyorilab/mapnet/blob/main/scripts/generate_leonmap_mesh_icd10_mapping.py	leonmap	0.1.0	2026-07-31	1.0
icd10:A06.4	Amoebic liver abscess	skos:closeMatch	mesh:D008101	Liver Abscess, Amebic	semapv:LexicalMatching	2019	2025	https://github.com/gyorilab/mapnet/blob/main/scripts/generate_leonmap_mesh_icd10_mapping.py	leonmap	0.1.0	2026-07-31	1.0
icd10:B01.1	Varicella encephalitis	skos:closeMatch	mesh:D020804	Encephalitis, Varicella Zoster	semapv:LexicalMatching	2019	2025	https://github.com/gyorilab/mapnet/blob/main/scripts/generate_leonmap_mesh_icd10_mapping.py	leonmap	0.1.0	2026-07-31	1.0
icd10:F44.0	Dissociative amnesia	skos:closeMatch	mesh:D000647	Amnesia	semapv:LexicalMatching	2019	2025	https://github.com/gyorilab/mapnet/blob/main/scripts/generate_leonmap_mesh_icd10_mapping.py	leonmap	0.1.0	2026-07-31	1.0
icd10:F30	Manic episode	skos:closeMatch	mesh:D000087122	Mania	semapv:LexicalMatching	2019	2025	https://github.com/gyorilab/mapnet/blob/main/scripts/generate_leonmap_mesh_icd10_mapping.py	leonmap	0.1.0	2026-07-31	1.0
icd10:A28.0	Pasteurellosis	skos:closeMatch	mesh:D010326	Pasteurella Infections	semapv:LexicalMatching	2019	2025	https://github.com/gyorilab/mapnet/blob/main/scripts/generate_leonmap_mesh_icd10_mapping.py	leonmap	0.1.0	2026-07-31	1.0
icd10:J95.4	Mendelson syndrome	skos:closeMatch	mesh:D011015	Pneumonia, Aspiration	semapv:LexicalMatching	2019	2025	https://github.com/gyorilab/mapnet/blob/main/scripts/generate_leonmap_mesh_icd10_mapping.py	leonmap	0.1.0	2026-07-31	1.0
icd10:A93.1	Sandfly fever	skos:closeMatch	mesh:D010217	Phlebotomus Fever	semapv:LexicalMatching	2019	2025	https://github.com/gyorilab/mapnet/blob/main/scripts/generate_leonmap_mesh_icd10_mapping.py	leonmap	0.1.0	2026-07-31	1.0
icd10:F50	Eating disorders	skos:closeMatch	mesh:D001068	Feeding and Eating Disorders	semapv:LexicalMatching	2019	2025	https://github.com/gyorilab/mapnet/blob/main/scripts/generate_leonmap_mesh_icd10_mapping.py	leonmap	0.1.0	2026-07-31	1.0
icd10:R48.2	Apraxia	skos:closeMatch	mesh:D001072	Apraxias	semapv:LexicalMatching	2019	2025	https://github.com/gyorilab/mapnet/blob/main/scripts/generate_leonmap_mesh_icd10_mapping.py	leonmap	0.1.0	2026-07-31	1.0
icd10:K70	Alcoholic liver disease	skos:closeMatch	mesh:D008108	Liver Diseases, Alcoholic	semapv:LexicalMatching	2019	2025	https://github.com/gyorilab/mapnet/blob/main/scripts/generate_leonmap_mesh_icd10_mapping.py	leonmap	0.1.0	2026-07-31	1.0
icd10:F25	Schizoaffective disorders	skos:closeMatch	mesh:D011618	Psychotic Disorders	semapv:LexicalMatching	2019	2025	https://github.com/gyorilab/mapnet/blob/main/scripts/generate_leonmap_mesh_icd10_mapping.py	leonmap	0.1.0	2026-07-31	1.0
icd10:H10.0	Mucopurulent conjunctivitis	skos:closeMatch	mesh:D003234	Conjunctivitis, Bacterial	semapv:LexicalMatching	2019	2025	https://github.com/gyorilab/mapnet/blob/main/scripts/generate_leonmap_mesh_icd10_mapping.py	leonmap	0.1.0	2026-07-31	1.0
icd10:U04	Severe acute respiratory syndrome [SARS]	skos:closeMatch	mesh:D045169	Severe Acute Respiratory Syndrome	semapv:LexicalMatching	2019	2025	https://github.com/gyorilab/mapnet/blob/main/scripts/generate_leonmap_mesh_icd10_mapping.py	leonmap	0.1.0	2026-07-31	1.0
icd10:A44	Bartonellosis	skos:closeMatch	mesh:D001474	Bartonella Infections	semapv:LexicalMatching	2019	2025	https://github.com/gyorilab/mapnet/blob/main/scripts/generate_leonmap_mesh_icd10_mapping.py	leonmap	0.1.0	2026-07-31	1.0
icd10:A17.0	Tuberculous meningitis	skos:closeMatch	mesh:D014390	Tuberculosis, Meningeal	semapv:LexicalMatching	2019	2025	https://github.com/gyorilab/mapnet/blob/main/scripts/generate_leonmap_mesh_icd10_mapping.py	leonmap	0.1.0	2026-07-31	1.0
icd10:A98.4	Ebola virus disease	skos:closeMatch	mesh:D019142	Hemorrhagic Fever, Ebola	semapv:LexicalMatching	2019	2025	https://github.com/gyorilab/mapnet/blob/main/scripts/generate_leonmap_mesh_icd10_mapping.py	leonmap	0.1.0	2026-07-31	1.0
icd10:A43.0	Pulmonary nocardiosis	skos:closeMatch	mesh:D009617	Nocardia Infections	semapv:LexicalMatching	2019	2025	https://github.com/gyorilab/mapnet/blob/main/scripts/generate_leonmap_mesh_icd10_mapping.py	leonmap	0.1.0	2026-07-31	1.0
icd10:A39	Meningococcal infection	skos:closeMatch	mesh:D008589	Meningococcal Infections	semapv:LexicalMatching	2019	2025	https://github.com/gyorilab/mapnet/blob/main/scripts/generate_leonmap_mesh_icd10_mapping.py	leonmap	0.1.0	2026-07-31	1.0
icd10:A98.0	Crimean-Congo haemorrhagic fever	skos:closeMatch	mesh:D006479	Hemorrhagic Fever, Crimean	semapv:LexicalMatching	2019	2025	https://github.com/gyorilab/mapnet/blob/main/scripts/generate_leonmap_mesh_icd10_mapping.py	leonmap	0.1.0	2026-07-31	1.0
icd10:E76.1	Mucopolysaccharidosis, type II	skos:closeMatch	mesh:D016532	Mucopolysaccharidosis II	semapv:LexicalMatching	2019	2025	https://github.com/gyorilab/mapnet/blob/main/scripts/generate_leonmap_mesh_icd10_mapping.py	leonmap	0.1.0	2026-07-31	1.0
icd10:A83.2	Eastern equine encephalitis	skos:closeMatch	mesh:D020242	Encephalomyelitis, Eastern Equine	semapv:LexicalMatching	2019	2025	https://github.com/gyorilab/mapnet/blob/main/scripts/generate_leonmap_mesh_icd10_mapping.py	leonmap	0.1.0	2026-07-31	1.0
icd10:F51.0	Nonorganic insomnia	skos:closeMatch	mesh:D007319	Sleep Initiation and Maintenance Disorders	semapv:LexicalMatching	2019	2025	https://github.com/gyorilab/mapnet/blob/main/scripts/generate_leonmap_mesh_icd10_mapping.py	leonmap	0.1.0	2026-07-31	1.0
icd10:B50	Plasmodium falciparum malaria	skos:closeMatch	mesh:D016778	Malaria, Falciparum	semapv:LexicalMatching	2019	2025	https://github.com/gyorilab/mapnet/blob/main/scripts/generate_leonmap_mesh_icd10_mapping.py	leonmap	0.1.0	2026-07-31	1.0
icd10:P35.1	Congenital cytomegalovirus infection	skos:closeMatch	mesh:D003586	Cytomegalovirus Infections	semapv:LexicalMatching	2019	2025	https://github.com/gyorilab/mapnet/blob/main/scripts/generate_leonmap_mesh_icd10_mapping.py	leonmap	0.1.0	2026-07-31	1.0
icd10:A92.5	Zika virus disease	skos:closeMatch	mesh:D000071243	Zika Virus Infection	semapv:LexicalMatching	2019	2025	https://github.com/gyorilab/mapnet/blob/main/scripts/generate_leonmap_mesh_icd10_mapping.py	leonmap	0.1.0	2026-07-31	1.0
icd10:A06	Amoebiasis	skos:closeMatch	mesh:D000562	Amebiasis	semapv:LexicalMatching	2019	2025	https://github.com/gyorilab/mapnet/blob/main/scripts/generate_leonmap_mesh_icd10_mapping.py	leonmap	0.1.0	2026-07-31	1.0
icd10:J86	Pyothorax	skos:closeMatch	mesh:D016724	Empyema, Pleural	semapv:LexicalMatching	2019	2025	https://github.com/gyorilab/mapnet/blob/main/scripts/generate_leonmap_mesh_icd10_mapping.py	leonmap	0.1.0	2026-07-31	1.0
icd10:A80	Acute poliomyelitis	skos:closeMatch	mesh:D011051	Poliomyelitis	semapv:LexicalMatching	2019	2025	https://github.com/gyorilab/mapnet/blob/main/scripts/generate_leonmap_mesh_icd10_mapping.py	leonmap	0.1.0	2026-07-31	1.0
icd10:F06.1	Organic catatonic disorder	skos:closeMatch	mesh:D002389	Catatonia	semapv:LexicalMatching	2019	2025	https://github.com/gyorilab/mapnet/blob/main/scripts/generate_leonmap_mesh_icd10_mapping.py	leonmap	0.1.0	2026-07-31	1.0
icd10:A83.1	Western equine encephalitis	skos:closeMatch	mesh:D020241	Encephalomyelitis, Western Equine	semapv:LexicalMatching	2019	2025	https://github.com/gyorilab/mapnet/blob/main/scripts/generate_leonmap_mesh_icd10_mapping.py	leonmap	0.1.0	2026-07-31	1.0
icd10:F43.1	Post-traumatic stress disorder	skos:closeMatch	mesh:D013313	Stress Disorders, Post-Traumatic	semapv:LexicalMatching	2019	2025	https://github.com/gyorilab/mapnet/blob/main/scripts/generate_leonmap_mesh_icd10_mapping.py	leonmap	0.1.0	2026-07-31	1.0
icd10:B51	Plasmodium vivax malaria	skos:closeMatch	mesh:D016780	Malaria, Vivax	semapv:LexicalMatching	2019	2025	https://github.com/gyorilab/mapnet/blob/main/scripts/generate_leonmap_mesh_icd10_mapping.py	leonmap	0.1.0	2026-07-31	1.0
icd10:A59	Trichomoniasis	skos:closeMatch	mesh:D014245	Trichomonas Infections	semapv:LexicalMatching	2019	2025	https://github.com/gyorilab/mapnet/blob/main/scripts/generate_leonmap_mesh_icd10_mapping.py	leonmap	0.1.0	2026-07-31	1.0
icd10:G47	Sleep disorders	skos:closeMatch	mesh:D012893	Sleep Wake Disorders	semapv:LexicalMatching	2019	2025	https://github.com/gyorilab/mapnet/blob/main/scripts/generate_leonmap_mesh_icd10_mapping.py	leonmap	0.1.0	2026-07-31	1.0
icd10:F91	Conduct disorders	skos:closeMatch	mesh:D019955	Conduct Disorder	semapv:LexicalMatching	2019	2025	https://github.com/gyorilab/mapnet/blob/main/scripts/generate_leonmap_mesh_icd10_mapping.py	leonmap	0.1.0	2026-07-31	1.0
icd10:B33.0	Epidemic myalgia	skos:closeMatch	mesh:D011000	Pleurodynia, Epidemic	semapv:LexicalMatching	2019	2025	https://github.com/gyorilab/mapnet/blob/main/scripts/generate_leonmap_mesh_icd10_mapping.py	leonmap	0.1.0	2026-07-31	1.0
icd10:F40.1	Social phobias	skos:closeMatch	mesh:D000072861	Phobia, Social	semapv:LexicalMatching	2019	2025	https://github.com/gyorilab/mapnet/blob/main/scripts/generate_leonmap_mesh_icd10_mapping.py	leonmap	0.1.0	2026-07-31	1.0
icd10:G36.0	Neuromyelitis optica [Devic]	skos:closeMatch	mesh:D009471	Neuromyelitis Optica	semapv:LexicalMatching	2019	2025	https://github.com/gyorilab/mapnet/blob/main/scripts/generate_leonmap_mesh_icd10_mapping.py	leonmap	0.1.0	2026-07-31	1.0
icd10:A92.3	West Nile virus infection	skos:closeMatch	mesh:D014901	West Nile Fever	semapv:LexicalMatching	2019	2025	https://github.com/gyorilab/mapnet/blob/main/scripts/generate_leonmap_mesh_icd10_mapping.py	leonmap	0.1.0	2026-07-31	1.0
icd10:A03	Shigellosis	skos:closeMatch	mesh:D004405	Dysentery, Bacillary	semapv:LexicalMatching	2019	2025	https://github.com/gyorilab/mapnet/blob/main/scripts/generate_leonmap_mesh_icd10_mapping.py	leonmap	0.1.0	2026-07-31	1.0
icd10:G93.3	Postviral fatigue syndrome	skos:closeMatch	mesh:D015673	Fatigue Syndrome, Chronic	semapv:LexicalMatching	2019	2025	https://github.com/gyorilab/mapnet/blob/main/scripts/generate_leonmap_mesh_icd10_mapping.py	leonmap	0.1.0	2026-07-31	1.0
icd10:B36.0	Pityriasis versicolor	skos:closeMatch	mesh:D014010	Tinea Versicolor	semapv:LexicalMatching	2019	2025	https://github.com/gyorilab/mapnet/blob/main/scripts/generate_leonmap_mesh_icd10_mapping.py	leonmap	0.1.0	2026-07-31	1.0
icd10:F94.0	Elective mutism	skos:closeMatch	mesh:D009155	Mutism	semapv:LexicalMatching	2019	2025	https://github.com/gyorilab/mapnet/blob/main/scripts/generate_leonmap_mesh_icd10_mapping.py	leonmap	0.1.0	2026-07-31	1.0
icd10:B83.3	Syngamiasis	skos:closeMatch	mesh:D017206	Strongylida Infections	semapv:LexicalMatching	2019	2025	https://github.com/gyorilab/mapnet/blob/main/scripts/generate_leonmap_mesh_icd10_mapping.py	leonmap	0.1.0	2026-07-31	1.0
icd10:A02.9	Salmonella infection, unspecified	skos:closeMatch	mesh:D012480	Salmonella Infections	semapv:SemanticSimilarity	2019	2025	https://github.com/gyorilab/mapnet/blob/main/scripts/generate_leonmap_mesh_icd10_mapping.py	leonmap	0.1.0	2026-07-31	0.906571
icd10:A69	Other spirochaetal infections	skos:closeMatch	mesh:D013145	Spirochaetales Infections	semapv:SemanticSimilarity	2019	2025	https://github.com/gyorilab/mapnet/blob/main/scripts/generate_leonmap_mesh_icd10_mapping.py	leonmap	0.1.0	2026-07-31	0.901537
icd10:A74	Other diseases caused by chlamydiae	skos:closeMatch	mesh:D002690	Chlamydia Infections	semapv:SemanticSimilarity	2019	2025	https://github.com/gyorilab/mapnet/blob/main/scripts/generate_leonmap_mesh_icd10_mapping.py	leonmap	0.1.0	2026-07-31	0.913392
icd10:B37.3	Candidiasis of vulva and vagina	skos:closeMatch	mesh:D002181	Candidiasis, Vulvovaginal	semapv:SemanticSimilarity	2019	2025	https://github.com/gyorilab/mapnet/blob/main/scripts/generate_leonmap_mesh_icd10_mapping.py	leonmap	0.1.0	2026-07-31	0.94085
icd10:F40.9	Phobic anxiety disorder, unspecified	skos:closeMatch	mesh:D010698	Phobic Disorders	semapv:SemanticSimilarity	2019	2025	https://github.com/gyorilab/mapnet/blob/main/scripts/generate_leonmap_mesh_icd10_mapping.py	leonmap	0.1.0	2026-07-31	0.931393
icd10:F98.1	Nonorganic encopresis	skos:closeMatch	mesh:D004688	Encopresis	semapv:SemanticSimilarity	2019	2025	https://github.com/gyorilab/mapnet/blob/main/scripts/generate_leonmap_mesh_icd10_mapping.py	leonmap	0.1.0	2026-07-31	0.939946
icd10:H66.4	Suppurative otitis media, unspecified	skos:closeMatch	mesh:D010035	Otitis Media, Suppurative	semapv:SemanticSimilarity	2019	2025	https://github.com/gyorilab/mapnet/blob/main/scripts/generate_leonmap_mesh_icd10_mapping.py	leonmap	0.1.0	2026-07-31	0.940777
icd10:J02.9	Acute pharyngitis, unspecified	skos:closeMatch	mesh:D010612	Pharyngitis	semapv:SemanticSimilarity	2019	2025	https://github.com/gyorilab/mapnet/blob/main/scripts/generate_leonmap_mesh_icd10_mapping.py	leonmap	0.1.0	2026-07-31	0.916686
icd10:J05.1	Acute epiglottitis	skos:closeMatch	mesh:D004826	Epiglottitis	semapv:SemanticSimilarity	2019	2025	https://github.com/gyorilab/mapnet/blob/main/scripts/generate_leonmap_mesh_icd10_mapping.py	leonmap	0.1.0	2026-07-31	0.944539
icd10:K70.3	Alcoholic cirrhosis of liver	skos:closeMatch	mesh:D008104	Liver Cirrhosis, Alcoholic	semapv:SemanticSimilarity	2019	2025	https://github.com/gyorilab/mapnet/blob/main/scripts/generate_leonmap_mesh_icd10_mapping.py	leonmap	0.1.0	2026-07-31	0.919079
